id;code;version;arrete;date_debut;date_fin
TRA-SE-116v45-1;TRA-SE-116;A45-1;Arrêté du 21 octobre 2022;2022-10-29;
GPEv15-1;GPE;A15-1;Arrêté du 30 décembre 2015;2016-01-01;2021-04-16
GPEv35-1;GPE;A35-1;Arrêté du 13 avril 2021;2021-04-17;2022-05-14
GPEv42-1;GPE;A42-1;Arrêté du 13 mai 2022;2022-05-15;
CPEv14-1;CPE;A14-1;Arrêté du 29 décembre 2014;2015-01-01;2020-05-19
CPEv27-1;CPE;A27-1;Arrêté du 14 mai 2020;2020-05-20;2021-12-23
CPEv39-1;CPE;A39-1;Arrêté du 17 décembre 2021;2021-12-24;
ETSv14-1;ETS;A14-1;Arrêté du 29 décembre 2014;2015-01-01;2019-09-22
ETSv23-1;ETS;A23-1;Arrêté du 20 septembre 2019;2019-09-23;2021-12-23
ETSv39-1;ETS;A39-1;Arrêté du 17 décembre 2021;2021-12-24;
ZNI-GPEv14-1;ZNI-GPE;A14-1;Arrêté du 29 décembre 2014;2015-01-01;2015-12-31
ZNI-GPEv15-1;ZNI-GPE;A15-1;Arrêté du 30 décembre 2015;2016-01-01;2021-04-16
ZNI-GPEv35-1;ZNI-GPE;A35-1;Arrêté du 13 avril 2021;2021-04-17;
ZNIv14-1;ZNI;A14-1;Arrêté du 29 décembre 2014;2015-01-01;2015-12-31
ZNIv15-1;ZNI;A15-1;Arrêté du 30 décembre 2015;2016-01-01;2021-04-16
ZNIv35-1;ZNI;A35-1;Arrêté du 13 avril 2021;2021-04-17;
TRA-SE-115v49-1;TRA-SE-115;A49-1;Arrêté du 2 décembre 2022 ;2023-01-01;2023-12-28
TRA-SE-115v55-1;TRA-SE-115;A55-1;Arrêté du 20 décembre 2023;2023-12-29;
TRA-SE-114v49-1;TRA-SE-114;A49-1;Arrêté du 2 décembre 2022 ;2023-01-01;
CDP-ISOv20-1;CDP-ISO;A20-1;Arrêté du 31 décembre 2018;2019-01-11;2020-04-01
CDP-ISOv26-1;CDP-ISO;A26-1;Arrêté du 25 mars 2020;2020-04-02;2020-10-13
CDP-ISOv30-2;CDP-ISO;A30-2;Arrêté du 5 octobre 2020;2020-10-14;2021-03-13
CDP-ISOv33-1;CDP-ISO;A33-1;Arrêté du 11 mars 2021;2021-03-14;2021-04-16
CDP-ISOv35-1;CDP-ISO;A35-1;Arrêté du 13 avril 2021;2021-04-17;2021-10-02
CDP-ISOv37-1;CDP-ISO;A37-1;Arrêté du 30 septembre 2021;2021-10-03;
CTHv29-1;CTH;A29-1;Arrêté du 10 juin 2020;2020-06-25;2021-04-16
CTHv35-1;CTH;A35-1;Arrêté du 13 avril 2021;2021-04-17;
CDP-REGULv53-1;CDP-REGUL;A53-1;Arrêté du 22 novembre 2023;2023-11-30;
CDP-CHv20-1;CDP-CH;A20-1;Arrêté du 31 décembre 2018;2019-01-11;2019-07-17
CDP-CHv22-1;CDP-CH;A22-1;Arrêté du 12 juillet 2019;2019-07-18;2020-04-01
CDP-CHv26-1;CDP-CH;A26-1;Arrêté du 25 mars 2020;2020-04-02;2021-03-13
CDP-CHv33-1;CDP-CH;A33-1;Arrêté du 11 mars 2021;2021-03-14;2021-04-16
CDP-CHv35-1;CDP-CH;A35-1;Arrêté du 13 avril 2021;2021-04-17;2021-10-02
CDP-CHv37-1;CDP-CH;A37-1;Arrêté du 30 septembre 2021;2021-10-03;2021-10-13
CDP-CHv38-1;CDP-CH;A38-1;Arrêté du 28 septembre 2021;2021-10-14;2022-03-31
CDP-CHv40-2;CDP-CH;A40-2;Arrêté du 10 décembre 2021;2022-04-01;2022-08-04
CDP-CHv43-1;CDP-CH;A43-1;Arrêté du 25 juillet 2022;2022-08-05;2022-08-31
CDP-CHv44-1;CDP-CH;A44-1;Arrêté du 12 juillet 2022;2022-09-01;2022-10-28
CDP-CHv46-1;CDP-CH;A46-1;Arrêté du 22 octobre 2022;2022-10-29;2023-02-28
CDP-CHv50-2;CDP-CH;A50-2;Arrêté du 21 décembre 2022;2023-03-01;2023-10-06
CDP-CHv52-1;CDP-CH;A52-1;Arrêté du 4 octobre 2023;2023-10-07;
CDP-RENOv54-1;CDP-RENO;A54-1;Arrêté du 19 décembre 2023;2023-12-29;
CRMv31-1;CRM;A31-1;Arrêté du 8 octobre 2020;2020-10-12;2021-03-31
CRMv33-2;CRM;A33-2;Arrêté du 11 mars 2021;2021-04-01;2021-04-16
CRMv35-1;CRM;A35-1;Arrêté du 13 avril 2021;2021-04-17;2021-12-31
CRMv40-1;CRM;A40-1;Arrêté du 10 décembre 2021;2022-01-01;2023-07-01
CRMv51-1;CRM;A51-1;Arrêté du 27 juin 2023;2023-07-02;2025-12-31
CRMv54-2;CRM;A54-2;Arrêté du 19 décembre 2023;2026-01-01;
BAT-TH-116 v46-1;BAT-TH-116 ;A46-1;Arrêté du 22 octobre 2022;2022-10-29;2023-12-29
BAT-TH-116 v56-1;BAT-TH-116 ;A56-1;Arrêté du 22 décembre 2023;2023-12-30;
CFTv17-1;CFT;A17-1;Arrêté du 15 février 2017;2017-03-01;2019-03-21
CFTv21-1;CFT;A21-1;Arrêté du 14 mars 2019;2019-03-22;2020-05-19
CFTv27-1;CFT;A27-1;Arrêté du 14 mai 2020;2020-05-20;2021-04-16
CFTv35-1;CFT;A35-1;Arrêté du 13 avril 2021;2021-04-17;2022-08-31
CFTv44-1;CFT;A44-1;Arrêté du 12 juillet 2022;2022-09-01;2022-10-28
CFTv46-1;CFT;A46-1;Arrêté du 22 octobre 2022;2022-10-29;2023-02-28
CFTv50-2;CFT;A50-2;Arrêté du 21 décembre 2022;2023-03-01;
CRCv19-1;CRC;A19-1;Arrêté du 22 décembre 2017;2018-04-01;2019-01-10
CRCv20-1;CRC;A20-1;Arrêté du 31 décembre 2018;2019-01-11;2019-03-21
CRCv21-1;CRC;A21-1;Arrêté du 14 mars 2019;2019-03-22;2020-04-01
CRCv26-1;CRC;A26-1;Arrêté du 25 mars 2020;2020-04-02;2020-10-11
CRCv31-1;CRC;A31-1;Arrêté du 8 octobre 2020;2020-10-12;2021-03-31
CRCv33-2;CRC;A33-2;Arrêté du 11 mars 2021;2021-04-01;2021-04-16
CRCv35-1;CRC;A35-1;Arrêté du 13 avril 2021;2021-04-17;2021-12-31
CRCv40-1;CRC;A40-1;Arrêté du 10 décembre 2021;2022-01-01;2022-10-28
CRCv46-1;CRC;A46-1;Arrêté du 22 octobre 2022;2022-10-29;2023-07-01
CRCv51-1;CRC;A51-1;Arrêté du 27 juin 2023;2023-07-02;
